run=cold	ordinary	target=1000	bytes=1002	phase=extract	n=3	median_ms=89.127	p95_ms=93.252	max_ms=93.710
run=warm	ordinary	target=1000	bytes=1002	phase=extract	n=20	median_ms=4.730	p95_ms=6.798	max_ms=8.735
run=cold	ordinary	target=1000	bytes=1002	phase=ir	n=3	median_ms=26.412	p95_ms=28.843	max_ms=29.113
run=warm	ordinary	target=1000	bytes=1002	phase=ir	n=20	median_ms=1.138	p95_ms=2.162	max_ms=2.354
run=cold	ordinary	target=1000	bytes=1002	phase=parse	n=3	median_ms=81.879	p95_ms=81.925	max_ms=81.930
run=warm	ordinary	target=1000	bytes=1002	phase=parse	n=20	median_ms=2.891	p95_ms=6.055	max_ms=7.522
run=cold	ordinary	target=10000	bytes=10027	phase=extract	n=3	median_ms=193.627	p95_ms=215.868	max_ms=218.339
run=warm	ordinary	target=10000	bytes=10027	phase=extract	n=20	median_ms=21.211	p95_ms=26.760	max_ms=28.093
run=cold	ordinary	target=10000	bytes=10027	phase=ir	n=3	median_ms=41.717	p95_ms=52.599	max_ms=53.808
run=warm	ordinary	target=10000	bytes=10027	phase=ir	n=20	median_ms=7.659	p95_ms=11.290	max_ms=11.711
run=cold	ordinary	target=10000	bytes=10027	phase=parse	n=3	median_ms=132.711	p95_ms=145.205	max_ms=146.593
run=warm	ordinary	target=10000	bytes=10027	phase=parse	n=20	median_ms=17.978	p95_ms=22.652	max_ms=23.675
run=cold	ordinary	target=50000	bytes=50017	phase=extract	n=3	median_ms=437.781	p95_ms=453.957	max_ms=455.754
run=warm	ordinary	target=50000	bytes=50017	phase=extract	n=20	median_ms=106.470	p95_ms=122.252	max_ms=128.787
run=cold	ordinary	target=50000	bytes=50017	phase=ir	n=3	median_ms=134.468	p95_ms=139.584	max_ms=140.153
run=warm	ordinary	target=50000	bytes=50017	phase=ir	n=20	median_ms=24.221	p95_ms=52.157	max_ms=53.811
run=cold	ordinary	target=50000	bytes=50017	phase=parse	n=3	median_ms=277.221	p95_ms=292.251	max_ms=293.921
run=warm	ordinary	target=50000	bytes=50017	phase=parse	n=20	median_ms=67.099	p95_ms=78.163	max_ms=79.050
run=cold	ordinary	target=100000	bytes=100034	phase=extract	n=3	median_ms=696.314	p95_ms=887.301	max_ms=908.522
run=warm	ordinary	target=100000	bytes=100034	phase=extract	n=20	median_ms=294.290	p95_ms=339.317	max_ms=345.986
run=cold	ordinary	target=100000	bytes=100034	phase=ir	n=3	median_ms=316.826	p95_ms=321.700	max_ms=322.242
run=warm	ordinary	target=100000	bytes=100034	phase=ir	n=20	median_ms=113.347	p95_ms=129.374	max_ms=142.690
run=cold	ordinary	target=100000	bytes=100034	phase=parse	n=3	median_ms=536.616	p95_ms=643.211	max_ms=655.054
run=warm	ordinary	target=100000	bytes=100034	phase=parse	n=20	median_ms=178.597	p95_ms=204.835	max_ms=213.941
run=cold	ordinary	target=250000	bytes=250058	phase=extract	n=3	median_ms=428.984	p95_ms=465.609	max_ms=469.679
run=warm	ordinary	target=250000	bytes=250058	phase=extract	n=20	median_ms=241.747	p95_ms=406.855	max_ms=464.594
run=cold	ordinary	target=250000	bytes=250058	phase=ir	n=3	median_ms=405.530	p95_ms=432.207	max_ms=435.171
run=warm	ordinary	target=250000	bytes=250058	phase=ir	n=20	median_ms=61.130	p95_ms=67.792	max_ms=80.468
run=cold	ordinary	target=250000	bytes=250058	phase=parse	n=3	median_ms=908.920	p95_ms=1016.722	max_ms=1028.700
run=warm	ordinary	target=250000	bytes=250058	phase=parse	n=20	median_ms=402.369	p95_ms=446.644	max_ms=468.254
run=cold	ordinary	target=500000	bytes=500004	phase=extract	n=3	median_ms=744.168	p95_ms=767.245	max_ms=769.809
run=warm	ordinary	target=500000	bytes=500004	phase=extract	n=20	median_ms=425.829	p95_ms=450.989	max_ms=454.990
run=cold	ordinary	target=500000	bytes=500004	phase=ir	n=3	median_ms=263.754	p95_ms=271.836	max_ms=272.734
run=warm	ordinary	target=500000	bytes=500004	phase=ir	n=20	median_ms=135.003	p95_ms=151.064	max_ms=171.768
run=cold	ordinary	target=500000	bytes=500004	phase=parse	n=3	median_ms=544.281	p95_ms=570.394	max_ms=573.295
run=warm	ordinary	target=500000	bytes=500004	phase=parse	n=20	median_ms=315.866	p95_ms=442.570	max_ms=457.188
run=cold	ordinary	target=1270000	bytes=1270060	phase=extract	n=3	median_ms=4065.748	p95_ms=4195.247	max_ms=4209.636
run=warm	ordinary	target=1270000	bytes=1270060	phase=extract	n=20	median_ms=1216.595	p95_ms=1426.143	max_ms=1527.371
run=cold	ordinary	target=1270000	bytes=1270060	phase=ir	n=3	median_ms=1212.227	p95_ms=1423.600	max_ms=1447.086
run=warm	ordinary	target=1270000	bytes=1270060	phase=ir	n=20	median_ms=1170.832	p95_ms=1409.821	max_ms=1522.189
run=cold	ordinary	target=1270000	bytes=1270060	phase=parse	n=3	median_ms=864.430	p95_ms=867.235	max_ms=867.546
run=warm	ordinary	target=1270000	bytes=1270060	phase=parse	n=20	median_ms=1344.049	p95_ms=1550.168	max_ms=1665.214
run=cold	structure	target=1000	bytes=1050	phase=extract	n=3	median_ms=101.894	p95_ms=112.646	max_ms=113.841
run=warm	structure	target=1000	bytes=1050	phase=extract	n=20	median_ms=5.341	p95_ms=9.177	max_ms=10.529
run=cold	structure	target=1000	bytes=1050	phase=ir	n=3	median_ms=28.041	p95_ms=32.194	max_ms=32.655
run=warm	structure	target=1000	bytes=1050	phase=ir	n=20	median_ms=2.816	p95_ms=4.170	max_ms=5.473
run=cold	structure	target=1000	bytes=1050	phase=parse	n=3	median_ms=87.202	p95_ms=96.781	max_ms=97.846
run=warm	structure	target=1000	bytes=1050	phase=parse	n=20	median_ms=2.747	p95_ms=6.731	max_ms=9.746
run=cold	structure	target=10000	bytes=10025	phase=extract	n=3	median_ms=274.136	p95_ms=300.761	max_ms=303.719
run=warm	structure	target=10000	bytes=10025	phase=extract	n=20	median_ms=33.433	p95_ms=53.829	max_ms=54.338
run=cold	structure	target=10000	bytes=10025	phase=ir	n=3	median_ms=67.960	p95_ms=83.636	max_ms=85.378
run=warm	structure	target=10000	bytes=10025	phase=ir	n=20	median_ms=12.024	p95_ms=26.738	max_ms=29.154
run=cold	structure	target=10000	bytes=10025	phase=parse	n=3	median_ms=174.991	p95_ms=301.977	max_ms=316.087
run=warm	structure	target=10000	bytes=10025	phase=parse	n=20	median_ms=19.464	p95_ms=30.481	max_ms=32.214
run=cold	structure	target=50000	bytes=50010	phase=extract	n=3	median_ms=515.571	p95_ms=523.989	max_ms=524.924
run=warm	structure	target=50000	bytes=50010	phase=extract	n=20	median_ms=136.835	p95_ms=160.959	max_ms=189.711
run=cold	structure	target=50000	bytes=50010	phase=ir	n=3	median_ms=178.859	p95_ms=181.163	max_ms=181.420
run=warm	structure	target=50000	bytes=50010	phase=ir	n=20	median_ms=47.056	p95_ms=77.503	max_ms=90.652
run=cold	structure	target=50000	bytes=50010	phase=parse	n=3	median_ms=397.470	p95_ms=429.012	max_ms=432.517
run=warm	structure	target=50000	bytes=50010	phase=parse	n=20	median_ms=87.469	p95_ms=105.183	max_ms=128.867
run=cold	structure	target=100000	bytes=100090	phase=extract	n=3	median_ms=1463.052	p95_ms=1475.206	max_ms=1476.556
run=warm	structure	target=100000	bytes=100090	phase=extract	n=20	median_ms=277.555	p95_ms=326.713	max_ms=382.561
run=cold	structure	target=100000	bytes=100090	phase=ir	n=3	median_ms=103.079	p95_ms=317.046	max_ms=340.821
run=warm	structure	target=100000	bytes=100090	phase=ir	n=20	median_ms=96.561	p95_ms=151.756	max_ms=153.217
run=cold	structure	target=100000	bytes=100090	phase=parse	n=3	median_ms=198.129	p95_ms=266.182	max_ms=273.743
run=warm	structure	target=100000	bytes=100090	phase=parse	n=20	median_ms=65.218	p95_ms=83.189	max_ms=88.166
run=cold	structure	target=250000	bytes=250035	phase=extract	n=3	median_ms=2017.177	p95_ms=2090.123	max_ms=2098.229
run=warm	structure	target=250000	bytes=250035	phase=extract	n=20	median_ms=1452.997	p95_ms=2258.425	max_ms=2463.134
run=cold	structure	target=250000	bytes=250035	phase=ir	n=3	median_ms=691.294	p95_ms=787.974	max_ms=798.716
run=warm	structure	target=250000	bytes=250035	phase=ir	n=20	median_ms=320.366	p95_ms=471.418	max_ms=494.889
run=cold	structure	target=250000	bytes=250035	phase=parse	n=3	median_ms=1093.265	p95_ms=1249.289	max_ms=1266.625
run=warm	structure	target=250000	bytes=250035	phase=parse	n=20	median_ms=716.139	p95_ms=1059.272	max_ms=1211.649
run=cold	structure	target=500000	bytes=500010	phase=extract	n=3	median_ms=3675.472	p95_ms=3752.856	max_ms=3761.454
run=warm	structure	target=500000	bytes=500010	phase=extract	n=20	median_ms=1598.503	p95_ms=1849.960	max_ms=1858.588
run=cold	structure	target=500000	bytes=500010	phase=ir	n=3	median_ms=1246.899	p95_ms=1407.122	max_ms=1424.924
run=warm	structure	target=500000	bytes=500010	phase=ir	n=20	median_ms=669.756	p95_ms=980.791	max_ms=1060.460
run=cold	structure	target=500000	bytes=500010	phase=parse	n=3	median_ms=1814.953	p95_ms=2486.498	max_ms=2561.114
run=warm	structure	target=500000	bytes=500010	phase=parse	n=20	median_ms=1028.711	p95_ms=1328.355	max_ms=1405.915
run=cold	structure	target=1270000	bytes=1270065	phase=extract	n=3	median_ms=7107.404	p95_ms=7359.342	max_ms=7387.335
run=warm	structure	target=1270000	bytes=1270065	phase=extract	n=20	median_ms=4531.894	p95_ms=5724.398	max_ms=6075.393
run=cold	structure	target=1270000	bytes=1270065	phase=ir	n=3	median_ms=2567.214	p95_ms=2573.575	max_ms=2574.282
run=warm	structure	target=1270000	bytes=1270065	phase=ir	n=20	median_ms=1906.297	p95_ms=2129.641	max_ms=2134.736
run=cold	structure	target=1270000	bytes=1270065	phase=parse	n=3	median_ms=4785.089	p95_ms=7639.802	max_ms=7956.992
run=warm	structure	target=1270000	bytes=1270065	phase=parse	n=20	median_ms=3274.050	p95_ms=3946.894	max_ms=4479.763
